filename,c2d,filename,nus,filename,d4,filename,mcsim,filename,sharpsat-td,filename,count_bareganak,filename,dpmc,filename,gpmc,filename,mctw2
0,128.85,0,1800,0,80.81,0,336.87,0,58.02,0,559.75,0,1800,0,308.78,0,1800
1,1800,1,1800,1,1800,1,806.24,1,1389.49,1,1800,1,1800,1,1069.3,1,1800
3,225.54,3,1800,3,1800,3,1800,3,63.51,3,1800,3,1800,3,1800,3,1800
4,194.93,4,1800,4,1800,4,1800,4,78.4,4,1800,4,1800,4,1800,4,1800
5,1800,5,1800,5,1800,5,1103.05,5,1617.34,5,1800,5,1800,5,1248.22,5,1800
6,1800,6,1800,6,1027.4,6,1800,6,18.51,6,1800,6,412.43,6,1800,6,1800
7,159.19,7,1800,7,1545.08,7,1800,7,22.66,7,1800,7,682.03,7,1800,7,1800
8,250.05,8,1800,8,1800,8,1800,8,71.66,8,1800,8,1800,8,1800,8,1800
9,1800,9,811.4,9,844.03,9,1800,9,33.63,9,1800,9,0.4,9,1800,9,1800
12,32.09,12,26.76,12,422.63,12,1800,12,18.66,12,26.87,12,0.63,12,1800,12,618.66
13,25.71,13,60.06,13,516.11,13,1800,13,13.89,13,59.99,13,60.34,13,1800,13,497.54
17,1800,17,1800,17,1800,17,1800,17,1327.87,17,1255.31,17,1800,17,1044.46,17,1800
18,1800,18,1800,18,384.86,18,1800,18,607.81,18,1800,18,1800,18,1800,18,1800
19,369.91,19,1800,19,1800,19,1800,19,99.56,19,1800,19,1800,19,1800,19,1800
21,1800,21,582.15,21,1800,21,770.68,21,770.68,21,557.41,21,1800,21,1800,21,1800
23,1376.35,23,490.07,23,1800,23,397.38,23,397.38,23,5.12,23,1800,23,1800,23,1800
24,1800,24,1800,24,1800,24,1029.43,24,1374.27,24,899.66,24,1800,24,28.41,24,1800
27,1800,27,1800,27,485.72,27,1800,27,400.09,27,1800,27,150.2,27,1751.74,27,1800
28,1800,28,1800,28,958.71,28,1800,28,1167.66,28,1800,28,1800,28,1800,28,1800
29,53.26,29,1800,29,1171.49,29,1800,29,15.92,29,1800,29,504.39,29,1800,29,1800
30,1800,30,222.18,30,1800,30,179.89,30,1800,30,226.8,30,1800,30,1800,30,1800
31,1800,31,1800,31,1800,31,1663.21,31,1800,31,1800,31,1800,31,964.34,31,1800
32,418.72,32,73.4,32,1800,32,1800,32,13.99,32,73.02,32,424.54,32,1800,32,1800
33,1800,33,1800,33,1800,33,1800,33,1612.99,33,1800,33,263.12,33,1800,33,1800
34,1800,34,1800,34,388.38,34,988.29,34,218.47,34,1031.02,34,1800,34,1800,34,1800
37,1800,37,524.2,37,1800,37,1800,37,94.45,37,522.34,37,124.7,37,1800,37,1800
38,1800,38,50.28,38,212.95,38,5.13,38,1800,38,47.65,38,1800,38,51.39,38,1800
39,1800,39,1800,39,166.63,39,1800,39,211.23,39,1800,39,1800,39,1800,39,1800
41,1413.46,41,535.02,41,1800,41,427.29,41,956.13,41,582.43,41,1800,41,1800,41,1800
42,782.9,42,1800,42,1800,42,1800,42,87.13,42,1800,42,1800,42,1800,42,1800
44,119.77,44,560.57,44,1800,44,1800,44,13.77,44,563.03,44,1800,44,1800,44,1800
45,1800,45,1789.3,45,1800,45,1800,45,1486.27,45,1800,45,1800,45,770.54,45,1800
46,546.35,46,558.19,46,1800,46,1800,46,35.08,46,1423.07,46,103.38,46,1800,46,1800
47,23.92,47,20.73,47,1345.88,47,1800,47,47.45,47,20.23,47,9.16,47,1800,47,1800
48,18.94,48,505.5,48,429.72,48,1800,48,79.89,48,505.83,48,1800,48,1800,48,1800
51,982.35,51,465.17,51,1800,51,1800,51,13.38,51,524.98,51,1800,51,1800,51,1800
53,209.2,53,1800,53,1800,53,1800,53,37.77,53,1800,53,1214.34,53,1800,53,1800
54,1800,54,505.96,54,368.34,54,1800,54,31.6,54,505.96,54,540.93,54,1800,54,1800
56,1199.47,56,310.27,56,1450.13,56,182.14,56,20.2,56,310.27,56,624.79,56,1800,56,1800
58,1800,58,1800,58,1800,58,1068.03,58,1800,58,1800,58,1800,58,1377.43,58,1800
60,53.88,60,557.39,60,1800,60,1800,60,12.93,60,1421.49,60,1800,60,1800,60,1800
61,213.33,61,520.16,61,1800,61,1800,61,6.47,61,1400.14,61,1800,61,1800,61,1800
62,1800,62,1800,62,1058.9,62,1800,62,406.75,62,1800,62,1800,62,1800,62,1800
64,1800,64,568.04,64,1800,64,1800,64,954.4,64,1420.05,64,21.84,64,1800,64,1800
65,1800,65,563.76,65,1800,65,1800,65,514.07,65,1406.27,65,21.45,65,1800,65,1800
67,92.72,67,1800,67,1800,67,1800,67,29.76,67,1800,67,1081.58,67,1800,67,1800
70,178.74,70,523.24,70,1800,70,1800,70,9.56,70,1402.96,70,1800,70,1800,70,1800
71,53.21,71,87.35,71,1800,71,1800,71,1800,71,84.77,71,0.38,71,1800,71,15.09
73,109.95,73,579.65,73,1800,73,1800,73,23.81,73,1440.86,73,1800,73,1800,73,1800
74,1800,74,151.04,74,373.78,74,1800,74,52.07,74,150.34,74,1800,74,1117.25,74,200.71
77,563.66,77,146.84,77,1800,77,516.16,77,954.04,77,200.28,77,1800,77,1800,77,1800
79,32.03,79,26.9,79,426.93,79,1800,79,18.2,79,26.68,79,0.63,79,1800,79,626.35
81,794.21,81,563.08,81,1800,81,1800,81,16.52,81,1435.78,81,1800,81,1800,81,1800
83,1800,83,565.47,83,1800,83,1800,83,80.03,83,1436.05,83,1800,83,1800,83,1800
84,285.43,84,414.06,84,1800,84,376.3,84,1800,84,414.31,84,1800,84,1800,84,1800
85,5.08,85,23.26,85,1199.04,85,1800,85,14.96,85,23.24,85,0.29,85,1800,85,2.21
86,1800,86,1800,86,1800,86,1800,86,394.67,86,1800,86,1087.81,86,1800,86,1800
87,48.22,87,505.48,87,1696.4,87,1800,87,44.35,87,1394.54,87,1800,87,1800,87,1800
88,430.58,88,1800,88,1800,88,1800,88,107.59,88,1800,88,1800,88,1800,88,1800
89,1800,89,254.07,89,1800,89,103.81,89,96.98,89,274.68,89,1800,89,36.77,89,1800
91,126.62,91,45.7,91,1259.89,91,1800,91,29.5,91,44.33,91,19.41,91,1800,91,832.86
93,1800,93,505.37,93,1419.47,93,1800,93,17.67,93,1393.68,93,9.3,93,1800,93,1800
96,33.16,96,4.68,96,2.25,96,3.91,96,3.35,96,4.58,96,0.25,96,602.16,96,134.17
97,163.45,97,1800,97,1800,97,1800,97,53.12,97,1800,97,1800,97,1800,97,1800
98,273.62,98,1800,98,26.75,98,303.51,98,19.54,98,234.71,98,1800,98,128.52,98,1800
99,77.21,99,557.02,99,1800,99,1800,99,12.6,99,1427.37,99,1800,99,1800,99,1800
100,5.46,100,38.85,100,963.07,100,1800,100,42.88,100,38.92,100,0.47,100,1800,100,6.4
101,15.6,101,22.37,101,475.84,101,1800,101,23.56,101,22.31,101,110.93,101,1800,101,462.43
102,1800,102,546.18,102,1800,102,1800,102,1458.97,102,1407.45,102,164.29,102,1800,102,1800
103,139.37,103,572.14,103,1800,103,1800,103,12.87,103,1441.25,103,1800,103,1800,103,1800
104,1800,104,393.89,104,1800,104,1800,104,1800,104,400.14,104,1800,104,1800,104,1800
105,138.77,105,1800,105,1800,105,1800,105,61.87,105,1800,105,1800,105,1800,105,1800
106,151.82,106,527.51,106,1800,106,1800,106,8.05,106,1409.61,106,1800,106,1800,106,1800
107,120.22,107,97.57,107,380,107,327.73,107,64.51,107,98.4,107,59.24,107,395.49,107,202.46
108,23.74,108,20.34,108,1431.9,108,1800,108,49.86,108,20.52,108,10.08,108,1800,108,488.2
109,267.73,109,1800,109,1800,109,1800,109,131.78,109,1800,109,1800,109,1800,109,1800
110,1188.09,110,1800,110,1800,110,1800,110,172.99,110,1800,110,1800,110,1800,110,1800
111,1800,111,172.68,111,446.05,111,88.22,111,315.99,111,173.97,111,1800,111,151.6,111,1800
112,1130.67,112,395.51,112,1800,112,246.09,112,582.8,112,411.04,112,1800,112,1800,112,1800
113,843.82,113,800.35,113,1800,113,302.64,113,328.38,113,763.72,113,1800,113,1800,113,1800
114,1800,114,1789.27,114,1800,114,1800,114,1086.21,114,1800,114,1800,114,774.18,114,1800
117,57.45,117,1800,117,1156.09,117,1800,117,15.23,117,1800,117,541.24,117,1800,117,1800
119,1800,119,1800,119,228.33,119,732.41,119,201.39,119,924.31,119,1800,119,1800,119,1800
120,1800,120,550.33,120,1800,120,1800,120,480.53,120,1398.44,120,1800,120,1800,120,1800
122,1800,122,26.15,122,31.01,122,12.5,122,1800,122,25.56,122,1800,122,1800,122,1800
124,276.16,124,567.32,124,1800,124,1800,124,25.85,124,1434.2,124,1800,124,1800,124,1800
125,24.84,125,506.2,125,564.81,125,1800,125,10.97,125,1393.89,125,1800,125,1800,125,1800
126,1800,126,1800,126,296.66,126,1800,126,258.67,126,1800,126,1800,126,1800,126,1800
127,1800,127,1800,127,359.28,127,1800,127,230.02,127,1800,127,1800,127,1404.21,127,1800
129,1800,129,1800,129,1800,129,1800,129,1454.16,129,1800,129,1800,129,727.79,129,1800
130,1800,130,505.42,130,1800,130,1800,130,845.01,130,1394.11,130,5.05,130,1800,130,1800
131,516,131,1800,131,1800,131,1800,131,108.93,131,1782.96,131,1800,131,1800,131,1800
132,1800,132,1782.94,132,1800,132,1800,132,1800,132,1782.97,132,1800,132,1800,132,1800
133,1800,133,532.92,133,1800,133,1800,133,1800,133,1399.44,133,8.06,133,1800,133,1800
134,1448.06,134,305.89,134,1408.96,134,172.59,134,21.3,134,318.39,134,1037.19,134,1800,134,1800
136,213.58,136,563.03,136,1800,136,1800,136,14.88,136,1431.76,136,1800,136,1800,136,1800
137,1800,137,179.91,137,927.25,137,1800,137,35.14,137,180.31,137,0.31,137,1800,137,1800
138,250.1,138,1800,138,1800,138,1800,138,64.34,138,1800,138,1800,138,1800,138,1800
140,423.09,140,511.97,140,1800,140,1800,140,5.17,140,1399.8,140,1800,140,1800,140,1800
141,1800,141,1800,141,1800,141,1800,141,458.22,141,1800,141,1800,141,1800,141,1800
142,1800,142,1800,142,111.81,142,1800,142,737.05,142,1800,142,1800,142,1800,142,1800
143,161.74,143,133.98,143,621.44,143,430.69,143,112.77,143,138.01,143,68.04,143,537.12,143,259.89
144,1011.63,144,499.52,144,1800,144,323.87,144,515.57,144,532.74,144,1800,144,1800,144,1800
148,1800,148,1800,148,1800,148,1800,148,1375.91,148,1800,148,1800,148,1118.05,148,1800
150,1800,150,170.31,150,1800,150,1800,150,1143.81,150,1800,150,1800,150,672.87,150,1800
151,1800,151,535.13,151,1800,151,1800,151,1800,151,1405,151,59.19,151,1800,151,1800
153,1800,153,1800,153,1800,153,346.04,153,574.05,153,1800,153,1800,153,481.63,153,1800
155,1800,155,1800,155,1800,155,315.03,155,770.71,155,553.49,155,1800,155,441.89,155,1800
157,1800,157,1800,157,1509.28,157,1800,157,298.21,157,1800,157,1800,157,1800,157,1800
158,32.73,158,26.39,158,437.4,158,1800,158,18.75,158,26.43,158,0.7,158,1800,158,627.73
159,130.76,159,1800,159,1800,159,1800,159,52.28,159,1800,159,1800,159,1800,159,1800
160,402.88,160,202.91,160,1800,160,84.98,160,260.57,160,212.01,160,1800,160,1800,160,1800
161,1800,161,569.24,161,1800,161,1800,161,94,161,1435.02,161,1800,161,1800,161,1800
163,641.19,163,374.22,163,1800,163,273.22,163,400.32,163,380.11,163,1800,163,1028.3,163,1800
164,58.07,164,512.38,164,1399,164,1800,164,13.7,164,1398.68,164,1800,164,1800,164,1800
165,1800,165,540.24,165,1800,165,1800,165,444.98,165,1396.45,165,43.97,165,1800,165,1800
166,1800,166,1800,166,212.37,166,1800,166,192.22,166,1800,166,1800,166,1800,166,1800
169,1800,169,1800,169,1800,169,463.81,169,591.16,169,920.81,169,1800,169,1800,169,1800
174,598.09,174,119.82,174,1800,174,139.3,174,210.97,174,130.47,174,1800,174,1800,174,1800
177,287.3,177,1800,177,1800,177,1800,177,107.86,177,1800,177,1800,177,1800,177,1800
179,1.14,179,4.86,179,1800,179,1800,179,12.48,179,4.97,179,3.53,179,1800,179,543.76
180,522.89,180,244.38,180,1001.88,180,172.07,180,270.81,180,263.01,180,1800,180,1800,180,1800
182,1800,182,1790.31,182,1800,182,1800,182,1428.6,182,1800,182,1800,182,823.34,182,1800
183,1800,183,1800,183,72.47,183,1800,183,137.01,183,1800,183,1800,183,1800,183,1800
184,371.44,184,263.19,184,33.04,184,286.77,184,20.44,184,264.2,184,174.12,184,59.62,184,1800
185,133.27,185,110.09,185,512.4,185,380.84,185,82.84,185,109.41,185,53.41,185,460.98,185,428.58
187,1800,187,1800,187,1800,187,1800,187,1035.19,187,1800,187,1800,187,956.3,187,1800
188,1800,188,1800,188,216.33,188,1800,188,110.98,188,1800,188,1800,188,1800,188,1800
189,1800,189,645.25,189,1800,189,476.67,189,1800,189,652.81,189,1800,189,1800,189,1800
190,1800,190,1790.3,190,1800,190,1800,190,969.42,190,1800,190,1800,190,437.3,190,1800
191,1800,191,303.17,191,426.17,191,207.28,191,56.21,191,303.36,191,362.52,191,391.95,191,227.03
193,588.19,193,511.04,193,408.53,193,1800,193,71.86,193,1397.54,193,108.91,193,1081.75,193,1265.83
194,63.24,194,58.44,194,211.82,194,211.67,194,37.58,194,58.51,194,53.25,194,216.16,194,127.81
195,1800,195,509.4,195,769.53,195,1800,195,429.96,195,1396.65,195,1800,195,1800,195,1800
199,1800,199,513.16,199,1800,199,1800,199,1800,199,1398,199,1800,199,1800,199,1800
200,1800,200,576.3,200,1800,200,1800,200,1800,200,1444.82,200,1800,200,1800,200,1800
201,1280.38,201,532.72,201,451.55,201,557.93,201,21.87,201,886.95,201,1800,201,472.98,201,786.45
202,1800,202,1800,202,1049.95,202,1800,202,18.77,202,1800,202,587.6,202,1800,202,1800
203,160.62,203,736.28,203,1800,203,1800,203,1800,203,1564.26,203,1800,203,1800,203,1800
204,974.43,204,533.82,204,515.97,204,699.84,204,47.66,204,905.63,204,1800,204,580.65,204,869.05
206,27.87,206,31.1,206,979.08,206,1800,206,21.05,206,30.78,206,146.35,206,1800,206,242.75
207,150.82,207,1800,207,1800,207,1800,207,70.06,207,1800,207,1800,207,1800,207,1800
208,1800,208,1800,208,1800,208,1800,208,493.06,208,1800,208,1800,208,442.97,208,1800
211,348.79,211,515.94,211,1800,211,1800,211,102.83,211,1400.53,211,1800,211,1800,211,1800
212,287.83,212,1800,212,1800,212,1800,212,54.41,212,1800,212,1800,212,1800,212,1800
214,1800,214,1800,214,924.43,214,1800,214,288.58,214,1800,214,1800,214,1800,214,1800
215,1800,215,614.25,215,1800,215,1800,215,906.46,215,1446.83,215,327.07,215,1800,215,1800
217,15.78,217,505.55,217,586.13,217,1800,217,39.04,217,1394,217,50.25,217,1800,217,1800
218,113.3,218,577.75,218,1800,218,1800,218,14.63,218,1442.45,218,1800,218,1800,218,1800
219,158.76,219,506.4,219,43.45,219,1800,219,17.29,219,782.47,219,116.02,219,1800,219,59.17
220,1800,220,734.4,220,1800,220,781.63,220,540.78,220,727.28,220,1800,220,1800,220,1800
222,23.95,222,32.49,222,614.44,222,1800,222,44.77,222,32.42,222,13.16,222,1800,222,484.17
223,1326.52,223,157.32,223,1800,223,227.66,223,382.13,223,165.84,223,1800,223,1800,223,1800
224,225.15,224,1800,224,1800,224,1800,224,45.93,224,1800,224,1800,224,1800,224,1800
225,1800,225,1800,225,1800,225,1800,225,1800,225,1800,225,1800,225,997.72,225,1800
226,1800,226,1800,226,78.62,226,1800,226,136.07,226,1800,226,1800,226,1800,226,1800
227,3.27,227,23.01,227,561.1,227,1800,227,10.35,227,22.96,227,0.57,227,1800,227,4.99
228,1800,228,743.93,228,1800,228,1800,228,1800,228,1561.7,228,1800,228,1800,228,1800
229,61.41,229,559.15,229,1800,229,1800,229,14.3,229,1422.86,229,1800,229,1800,229,1800
231,1800,231,1800,231,1800,231,1800,231,1403.26,231,1800,231,1800,231,921.06,231,1800
232,692.15,232,566.27,232,1800,232,1800,232,31.62,232,1433.14,232,1800,232,1800,232,1800
234,1800,234,1800,234,449.81,234,1800,234,1800,234,1800,234,1800,234,1800,234,1800
235,1288.5,235,311.31,235,1800,235,225.18,235,256.89,235,299.53,235,1800,235,1800,235,1800
236,71.69,236,571.89,236,1800,236,1800,236,42.55,236,1435.85,236,1800,236,1800,236,1800
237,1800,237,506.11,237,407.11,237,1800,237,7.59,237,1392.83,237,40.81,237,1800,237,1800
239,276.5,239,714.07,239,1184.8,239,1800,239,33.19,239,1518.07,239,0.25,239,1800,239,1039.06
240,573.89,240,139.07,240,1800,240,335.36,240,468.46,240,195.35,240,1800,240,1800,240,1800
241,521.68,241,1800,241,1800,241,1800,241,97.16,241,1800,241,1800,241,1800,241,1800
242,620.31,242,527.75,242,1800,242,1800,242,1800,242,1392.94,242,47.3,242,1800,242,1800
243,45.81,243,132.09,243,1800,243,146.72,243,272.77,243,141.18,243,1800,243,1800,243,1800
244,151.68,244,1800,244,1800,244,1800,244,49.49,244,1800,244,1800,244,1800,244,1800
245,192.44,245,212.36,245,439.61,245,308.94,245,113.59,245,205.13,245,45.49,245,400.27,245,466.07
247,1800,247,133.05,247,1800,247,198.61,247,438.05,247,178.72,247,1800,247,894.01,247,1800
248,1800,248,1789.32,248,1800,248,1800,248,633.78,248,641.9,248,1800,248,521.74,248,1800
249,1800,249,1800,249,504.29,249,1800,249,1800,249,1800,249,1800,249,1800,249,1800
251,1800,251,163.77,251,417.83,251,85.87,251,309.74,251,164.12,251,1800,251,136.75,251,1800
252,1800,252,541.44,252,1800,252,1800,252,1800,252,1417.61,252,1800,252,1800,252,1800
254,115,254,1800,254,1800,254,1800,254,39.17,254,1800,254,1800,254,1800,254,1800
255,12.19,255,40.86,255,847.99,255,1800,255,12.48,255,40.33,255,8.71,255,1800,255,440.8
259,1800,259,501.43,259,1800,259,109.01,259,1800,259,496.77,259,1800,259,1800,259,1800
261,1800,261,7.27,261,2.31,261,55.2,261,23.33,261,7.16,261,1800,261,1800,261,1800
264,1800,264,585.13,264,1800,264,1800,264,1800,264,1428.3,264,134.39,264,1800,264,1800
265,1800,265,275.83,265,1800,265,219.65,265,275.3,265,284.99,265,1800,265,1800,265,1800
267,1800,267,504.9,267,253.09,267,1800,267,31.87,267,1393.56,267,1800,267,1800,267,1800
268,37.27,268,505.2,268,147.44,268,1800,268,19.9,268,1393.69,268,113.13,268,1800,268,1800
271,1800,271,1800,271,1800,271,1800,271,184.04,271,1800,271,402.61,271,1800,271,1800
274,1800,274,1800,274,1800,274,322.23,274,459.06,274,513.25,274,1800,274,370.6,274,1800
275,1800,275,658.45,275,1800,275,1800,275,109.2,275,1495.12,275,425.56,275,1800,275,1800
276,398.72,276,1800,276,1800,276,1800,276,85.29,276,1800,276,1800,276,1800,276,1800
277,109.15,277,810.04,277,1800,277,1800,277,266.34,277,1311.96,277,0.36,277,1800,277,33.22
278,1800,278,1800,278,357.9,278,1215.83,278,175.41,278,1800,278,1800,278,1800,278,1800
279,3.94,279,26.88,279,1800,279,1800,279,13.99,279,26.51,279,0.28,279,1800,279,2.64
280,1800,280,514.72,280,287.19,280,567.27,280,140.78,280,787.12,280,1800,280,399.24,280,660.54
281,402.93,281,537.26,281,1800,281,535.9,281,1800,281,537.83,281,1800,281,1800,281,1800
282,29.9,282,504.52,282,13.28,282,1800,282,135.83,282,1393.22,282,1800,282,1800,282,1800
283,1800,283,1800,283,295.9,283,1800,283,192.45,283,1800,283,1800,283,1800,283,1800
284,1.19,284,4.96,284,1800,284,1800,284,12.49,284,4.86,284,3.48,284,1800,284,504.32
285,1800,285,536.39,285,1800,285,420,285,562.77,285,507.27,285,1800,285,1800,285,1800
286,1800,286,1790.36,286,1800,286,377.54,286,722.42,286,593.36,286,1800,286,420.28,286,1800
287,1800,287,1800,287,482.93,287,966.72,287,177.85,287,1800,287,1800,287,1653.13,287,1800
288,1800,288,538.07,288,1800,288,1800,288,1800,288,1397.21,288,60.75,288,1800,288,1800
289,78.56,289,561.07,289,1800,289,1800,289,13.57,289,1430.02,289,1800,289,1800,289,1800
291,99.68,291,509.71,291,1800,291,1800,291,634.7,291,1396.79,291,44.82,291,1800,291,1800
292,13.79,292,544.83,292,123.48,292,1800,292,26.05,292,1419.88,292,1.98,292,1800,292,1800
293,44.45,293,84.62,293,126.74,293,4.04,293,42.12,293,84.39,293,136.03,293,23.27,293,1800
295,1800,295,1800,295,21.18,295,603.52,295,62.73,295,7.37,295,1800,295,1800,295,1800
296,1800,296,561.57,296,1800,296,1800,296,531.25,296,1412.37,296,48.97,296,1800,296,1800
297,41.14,297,804.99,297,1800,297,1800,297,394.27,297,1109.67,297,0.37,297,1800,297,48.49
298,279.29,298,1800,298,1800,298,1800,298,45.5,298,1800,298,1800,298,1800,298,1800
299,1465.18,299,492.22,299,1800,299,438.46,299,542.74,299,531.44,299,1800,299,1800,299,1800
301,1800,301,61.5,301,222.7,301,4.41,301,1800,301,49.63,301,1800,301,52.52,301,1800
306,1800,306,1800,306,349.38,306,1800,306,220.79,306,1800,306,1800,306,1273.54,306,1800
309,1557.22,309,1800,309,1800,309,1800,309,117.69,309,1800,309,1800,309,1800,309,1800
313,160.53,313,430.03,313,1800,313,291.29,313,339.12,313,438.64,313,1800,313,1800,313,1800
314,1800,314,636.68,314,1800,314,659.77,314,590.16,314,641.5,314,1800,314,1800,314,1800
323,28.49,323,30.06,323,494.13,323,1800,323,45.42,323,30.06,323,17.57,323,1800,323,933.86
324,1618.42,324,488.19,324,1800,324,411.53,324,589.66,324,522.37,324,1800,324,1800,324,1800
325,1800,325,514.59,325,1800,325,1800,325,1800,325,1399.47,325,1800,325,1800,325,1800
330,993.91,330,375.53,330,1800,330,255.25,330,869.89,330,359.04,330,1800,330,1800,330,1800
331,477.05,331,546.38,331,1800,331,1800,331,1800,331,1422.15,331,1800,331,1800,331,1300.34
334,1800,334,1800,334,1800,334,830.02,334,490.43,334,526.92,334,1800,334,503.3,334,1800
342,10.43,342,198.55,342,17.73,342,83.67,342,2.98,342,199.38,342,6.84,342,82.7,342,1800
345,1800,345,82.57,345,6.13,345,40.53,345,206.06,345,83.54,345,1800,345,26.75,345,1800
347,1800,347,1800,347,510.61,347,1800,347,179.6,347,1800,347,1800,347,1800,347,1800
356,1515.5,356,1800,356,373.35,356,1800,356,124.91,356,1800,356,1800,356,1800,356,1800
358,1678.58,358,279.25,358,1800,358,230.94,358,242.85,358,296.87,358,1800,358,1800,358,1800
362,458.74,362,150.59,362,15.17,362,1800,362,24.18,362,153.18,362,39.55,362,58.06,362,1800
363,1800,363,807.11,363,1800,363,1800,363,1800,363,1800,363,1800,363,1800,363,1800
400,6.53,400,11.81,400,20.73,400,6.53,400,251.25,400,11.34,400,7.51,400,2.37,400,1800
401,1.51,401,8.3,401,1800,401,1800,401,41.05,401,8.22,401,1800,401,1800,401,274.17
402,1800,402,1800,402,1800,402,592.18,402,1183.3,402,1061.93,402,1800,402,927.1,402,1800
403,183.79,403,90.32,403,736.41,403,1800,403,18.31,403,90.41,403,0.31,403,1800,403,484.9
405,18.82,405,505.78,405,863.52,405,1800,405,39.2,405,1393.49,405,81.72,405,1800,405,1800
406,1800,406,1556.52,406,1800,406,1800,406,425.06,406,1353.79,406,1800,406,60.35,406,1800
407,1800,407,549.79,407,1800,407,1800,407,247.94,407,679.8,407,21.46,407,1800,407,1800
408,1800,408,1800,408,1302.1,408,1800,408,477.03,408,1800,408,1800,408,1800,408,1800
409,17.78,409,506.41,409,509.93,409,1800,409,39.88,409,1394,409,41.1,409,1800,409,1800
410,1800,410,1800,410,1800,410,1800,410,351.93,410,1800,410,745.5,410,1800,410,1800
412,1800,412,505.55,412,395.82,412,1800,412,28.06,412,1393.79,412,1800,412,1800,412,1800
414,1800,414,1800,414,1800,414,1800,414,1133.13,414,1800,414,1800,414,845.29,414,1800
415,1800,415,511.03,415,1800,415,1800,415,286.49,415,1397.68,415,1800,415,1800,415,1257.16
417,1800,417,528.9,417,1800,417,1800,417,378.89,417,1409.09,417,1800,417,1800,417,1225.94
418,1800,418,570.19,418,1800,418,1800,418,1415.68,418,1408.38,418,54.25,418,1800,418,1800
420,14.47,420,505.76,420,297.64,420,1800,420,37.25,420,1393.96,420,1800,420,1800,420,1800
422,1476.85,422,1800,422,353.52,422,1800,422,129.55,422,1800,422,1800,422,1800,422,1800
423,1800,423,1800,423,1800,423,1800,423,519.62,423,1800,423,1292.71,423,1800,423,1800
424,1800,424,1800,424,291.4,424,1800,424,213.78,424,1800,424,1800,424,1800,424,1800
425,1800,425,1790.34,425,1800,425,1371.62,425,1800,425,1800,425,1800,425,1047.39,425,1800
427,1800,427,1800,427,1800,427,1022.72,427,1800,427,1800,427,1800,427,1265.74,427,1800
429,1800,429,1800,429,1800,429,1800,429,1525.64,429,1800,429,1800,429,841.67,429,1800
430,1800,430,476.22,430,1800,430,287.01,430,682.31,430,472.15,430,1800,430,356.13,430,1800
431,1800,431,1800,431,313.38,431,1167.07,431,172.88,431,1332.12,431,1800,431,1800,431,1800
433,1800,433,1790.39,433,1800,433,387.15,433,734.59,433,607.78,433,1800,433,479.57,433,1800
435,1800,435,571.02,435,1800,435,1800,435,933.69,435,1415.77,435,1800,435,1800,435,1800
436,1800,436,592.56,436,1800,436,1800,436,510.42,436,1437.26,436,1800,436,1800,436,1800
438,1800,438,1790.32,438,1800,438,1663.22,438,1800,438,1800,438,1800,438,1222.53,438,1800
440,58.36,440,67.97,440,1800,440,1800,440,17.09,440,67.74,440,49.6,440,1800,440,1751.1
442,1800,442,1790.37,442,1800,442,1515.26,442,1800,442,1800,442,1800,442,812.73,442,1800
445,1800,445,965.76,445,1800,445,1800,445,667.75,445,914.42,445,577.21,445,1800,445,1800
446,1800,446,1800,446,223.3,446,1800,446,111.18,446,1800,446,1800,446,1800,446,1800
447,699.14,447,370.48,447,1800,447,271.25,447,276.73,447,365.17,447,1800,447,227.36,447,1800
450,1800,450,262.17,450,1800,450,160.21,450,307.78,450,260.04,450,1800,450,182.15,450,1800
451,21.95,451,506.33,451,641.12,451,1800,451,37.92,451,1393.13,451,1800,451,1800,451,1800
452,1800,452,1800,452,1089.78,452,1800,452,687.55,452,1800,452,1800,452,1800,452,1800
453,1800,453,1800,453,939.94,453,1800,453,1800,453,1800,453,1800,453,1800,453,1800
454,1800,454,572.4,454,1800,454,1800,454,391.36,454,1413.4,454,22.09,454,1800,454,1800
455,28.93,455,505.68,455,476.46,455,1800,455,39.8,455,1394.14,455,1800,455,1800,455,1800
456,1800,456,716.22,456,704.48,456,1800,456,21.16,456,879.55,456,0.3,456,1800,456,406.67
457,1034.85,457,445.09,457,43.7,457,440.75,457,20.58,457,452.34,457,192.34,457,346.23,457,1800
458,1800,458,1790.35,458,1800,458,1644.06,458,1624.78,458,1800,458,1800,458,897.56,458,1800
459,12.62,459,86.07,459,984.06,459,1800,459,28.29,459,86.07,459,0.32,459,1800,459,10.38
460,40.55,460,36.43,460,4.72,460,35.05,460,20.61,460,36.87,460,1800,460,6.03,460,1800
462,1800,462,1790.41,462,1800,462,308.21,462,709.63,462,650.89,462,1800,462,442.38,462,1800
464,1800,464,1800,464,974.01,464,1800,464,1319.12,464,1800,464,1800,464,1800,464,1800
465,1800,465,1800,465,160.23,465,1800,465,940.68,465,1800,465,1800,465,1800,465,1800
467,1800,467,1800,467,1800,467,1154.47,467,1800,467,1800,467,1800,467,1444.97,467,1800
468,639.25,468,208.63,468,1800,468,99.11,468,238.19,468,209.1,468,1800,468,363.72,468,1800
472,1800,472,15.11,472,1800,472,9.13,472,30.18,472,15.22,472,1800,472,1800,472,1800
473,1800,473,319.43,473,418.73,473,211.59,473,56.27,473,318.34,473,391.78,473,361.3,473,216.65
474,1800,474,568.48,474,1800,474,1800,474,1800,474,1410.68,474,32.35,474,1800,474,1800
475,298.34,475,260.95,475,593.1,475,391.21,475,90.62,475,258.07,475,59.61,475,459.66,475,416.04
478,1800,478,1800,478,1742.14,478,1800,478,1800,478,1800,478,1800,478,1800,478,1800
479,20.45,479,506.53,479,930.84,479,1800,479,38,479,1393.21,479,10.09,479,1800,479,1800
482,1800,482,1789.38,482,1800,482,417.78,482,721.14,482,697.73,482,1800,482,581.82,482,1800
483,286.09,483,439.83,483,28.49,483,632.3,483,20.87,483,331.94,483,1800,483,264.99,483,1800
484,1800,484,282.88,484,842.53,484,171.87,484,163.73,484,250.44,484,1800,484,1800,484,1800
485,1800,485,73.93,485,5.48,485,25.17,485,1800,485,73.22,485,1800,485,1800,485,1800
487,1800,487,576.66,487,1800,487,1800,487,1800,487,1439.73,487,1800,487,1800,487,1800
488,1800,488,1030.13,488,1800,488,464.58,488,416.01,488,970.18,488,1800,488,1800,488,1800
489,1800,489,1800,489,1800,489,1800,489,572.3,489,1800,489,939.47,489,1800,489,1800
491,147.86,491,316.59,491,1800,491,273.54,491,352.63,491,321.27,491,1800,491,1800,491,1800
493,8.97,493,12.53,493,1800,493,1800,493,19,493,12.52,493,0.71,493,1800,493,619.06
495,1800,495,427.23,495,1800,495,254.35,495,283.16,495,415.27,495,1800,495,1800,495,1800
496,18.28,496,505.76,496,519.77,496,1800,496,36.73,496,1393.87,496,1800,496,1800,496,1800
497,1800,497,832.61,497,1800,497,582.62,497,560.13,497,854.05,497,1800,497,1800,497,1800
498,1800,498,1800,498,1800,498,514.29,498,793.55,498,831.2,498,1800,498,604.57,498,1800
499,1800,499,13.86,499,1800,499,4.39,499,1800,499,13.61,499,1800,499,1800,499,1800
